session_id,title,start,end
S01,Session 1,09:00,10:00
S02,Session 2,09:00,11:00
S03,Session 3,09:15,09:45
S04,Session 4,09:15,10:15
S05,Session 5,09:15,10:45
S06,Session 6,09:15,11:15
S07,Session 7,09:30,10:30
S08,Session 8,10:00,11:00
S09,Session 9,10:30,11:15
S10,Session 10,10:30,11:15
S11,Session 11,10:30,11:30
S12,Session 12,10:30,11:30
S13,Session 13,10:45,11:45
S14,Session 14,11:00,12:30
S15,Session 15,11:45,12:45
S16,Session 16,12:00,13:00
S17,Session 17,12:15,13:15
S18,Session 18,12:30,13:30
S19,Session 19,12:30,13:30
S20,Session 20,12:30,13:30
S21,Session 21,12:30,14:00
S22,Session 22,12:30,14:30
S23,Session 23,12:45,14:45
S24,Session 24,13:30,14:00
S25,Session 25,13:30,14:00
S26,Session 26,13:30,15:00
S27,Session 27,14:15,16:15
S28,Session 28,14:45,15:15
S29,Session 29,15:00,15:45
S30,Session 30,15:15,16:15
S31,Session 31,15:15,16:15
S32,Session 32,15:15,16:45
S33,Session 33,15:30,17:00
S34,Session 34,15:45,17:15
S35,Session 35,15:45,17:15
S36,Session 36,16:00,17:00
S37,Session 37,16:00,17:00
S38,Session 38,16:00,18:00
S39,Session 39,16:45,18:15
S40,Session 40,16:45,18:15
