n,family,rooms,maxOverlap,heapOperations,heapMs,listOperations,listMs,optimal
100,growing,100,100,198,0.0036,4950,0.0054,true
100,fixed,8,8,566,0.0032,434,0.0027,true
500,growing,500,500,998,0.0077,124750,0.0855,true
500,fixed,8,8,2966,0.0135,2234,0.0089,true
1000,growing,1000,1000,1998,0.0161,499500,0.3113,true
1000,fixed,8,8,5966,0.0396,4492,0.0232,true
2000,growing,2000,2000,3998,0.0338,1999000,1.1183,true
2000,fixed,8,8,11966,0.0537,8992,0.0315,true
3000,growing,3000,3000,5998,0.0447,4498500,2.4957,true
3000,fixed,8,8,17966,0.0702,13492,0.0541,true
4000,growing,4000,4000,7998,0.0850,7998000,14.4483,true
4000,fixed,8,8,23966,0.2127,17992,0.1665,true
5000,growing,5000,5000,9998,0.3333,12497500,22.3960,true
5000,fixed,8,8,29966,0.4472,22492,0.2644,true
